COMMENT_ID,AUTHOR,DATE,CONTENT,CLASS
z13lgffb5w3ddx1ul22qy1wxspy5cpkz504,dharma pal,2015-05-29T02:30:18.971000,Nice songÔªø,0
z123dbgb0mqjfxbtz22ucjc5jvzcv3ykj,Tiza Arellano,2015-05-29T00:14:48.748000,I love song Ôªø,0
z12quxxp2vutflkxv04cihggzt2azl34pms0k,Pr√¨√±√ße≈õ≈õ √Çli≈õ ≈Å√∏v√™ D√∏m√≠√±√∏ M√¢ƒëi≈õ‚Ñ¢ Ôªø,2015-05-28T21:00:08.607000,I love song Ôªø,0
z12icv3ysqvlwth2c23eddlykyqut5z1h,Eric Gonzalez,2015-05-28T20:47:12.193000,"860,000,000 lets make it first female to reach one billion!! Share it and replay it! Ôªø",0
z133stly3kete3tly22petvwdpmghrlli,Analena L√≥pez,2015-05-28T17:08:29.827000,shakira is best for worldcupÔªø,0
z12myn4rltf4ejddv23mwr3piuapcbl0r,jehoiada wellington,2015-05-28T17:06:37.288000,The best world cup song ever!!!!Ôªø,0
z135vzqy1yrjhluew23kibopnrmqsplux,Kara Cuthbertson,2015-05-28T15:46:42.482000,I loveÔªø,0
z12uujnj2sifvzvav04chpypvofvexpoggg,Sudheer Yadav,2015-05-28T10:28:25.133000,SEE SOME MORE SONG OPEN GOOGLE AND TYPE Shakira GuruOfMovieÔªø,1
z13lvh1qnma4d15sy23lyvqq5riafz52m,Alex John,2015-05-28T07:44:52.614000,Awesome Ôªø,0
z135hlk5grfwjhmym04ced0gyzrvsn5avuw0k,Nirab Valobasha,2015-05-27T21:31:38.388000,I like shakira..Ôªø,0
z121cvvqftuvuz1ld22pe3agcsepzhhtt,Chelsea Andrews,2015-05-27T20:43:10.162000,Shakira - Waka Waka <br />LOVE THIS SONG!!!!!!!!!!!!!!!Ôªø,0
z12uf5gatnf1dflws04cfrigrxb3zryxtwk0k,Kevin Sosa,2015-05-27T20:04:41.308000,Why so many disliked??????!!!!!!üòØÔªø,0
z13pihfbwlv5hv4ap04ceh3hvonuhvnxueg,OldSchool Music,2015-05-27T19:00:57.936000,I don&#39;t think this song will ever get old Ôªø,0
z13utfk5rny3yzqtj22phlsxmtfuspbcp,Stephen Lister,2015-05-27T16:04:42.059000,Love songÔªø,0
z13usjdoivinwzsoy04cgv2y0tbjs1s5xn00k,Karol√≠na Hlavat√°,2015-05-27T14:41:43.081000,wery goodÔªø,0
z12bhf4rzpjsvjmcw22ghd4j4qeqfthpm04,DubCedSky,2015-05-27T13:51:19.674000,"Every time I hear this song, I think about Iniesta&#39;s goal against the Netherlands...Ôªø",0
z132i1cj3t2cedajp04cfxcqalbkfzd5fyk0k,akita hachiko,2015-05-27T13:07:33.766000,Whose watching this in 2015. If so hi-5Ôªø,0
z12aw1ah2m2vh30tb22bvl3olkbohlbid04,Benjy Growls,2015-05-27T09:27:26.667000,I love this song so much &lt;3<br />Keep em&#39; coming!Ôªø,0
z12cydggrzyesrklw23qwzexerqavj11e,monkey moments,2015-05-27T09:24:10.239000,i love this song thumsb up to youÔªø,0
z12gddhblwz3cf3wc04cgvjajvulwxvb5lw0k,Dr.geetanjali sharma,2015-05-27T09:14:14.641000,Waka best oneÔªø,0
z13xwz5p3xq4zxdyv04cir2ammejxj15n2c,Axy665,2015-05-27T06:57:11.853000,5 years later i still love this song¬†<br />~Axy665Ôªø,0
z135glq5fnnielbbd04cchvr2orkurdgrz40k,celma joao tomas anacuja anacuja celma joao tomas,2015-05-27T06:30:54.415000,LikeÔªø,0
z13zjlpo2nbehxwf322gelhzwmqwgn1mt,Raafat saeed,2015-05-27T04:19:29.178000,Check out this playlist on YouTube:Ôªø,1
z12vv1hgirrhz5bh504cejjrstfkt1kq1po0k,ortiz brown,2015-05-27T02:51:25.515000,Her voice sounds weird and plus she&#39;s cute for a blondeÔªø,0
z12pch5bnqyxttpi004ch3b4usa1wjdg5l40k,mike the greek gamer,2015-05-26T21:42:43.953000,"Why there are so many dislikes. This song is so... awesome. It sounds like we MUST STOP BE RACISTS!!! If I could, I would like it 1,000,000,000 times!!!!!!!!!!!!!!!!!!!!!!!!!!!!!!!!!!!!!!!!!!!!!!Ôªø",0
z12julhignjmuzlnv230yzipftzvhjzuh,Aveonne Walker,2015-05-26T21:36:16.925000,Nice love itttttttt wurkkkkkkkkkkkkkkkkkkkkkkkkkkkkkkkkkkkkkkkkkkkkkkkkkkkkkkkkkkkkkkkkkkkkkkkkkkkkkkkkkkkkkkkkkkkkkkkkkkkkkÔªø,0
z12jd30zok2te1ghh04cdphgcqmshld5ncg,MikeTheOne42,2015-05-26T17:19:16.527000,still watching in 2015...Ôªø,0
z12yxbpp3rurin5wc04cf3sqmlrvwlhzgao,Golden Lion,2015-05-26T17:16:06.269000,Shakira is my favourite singer. WoooooÔªø,0
z12yvdxizlrze1osb22xev1xyxakdphe3,Coc Chitthu,2015-05-26T16:45:32.708000,i remember this song!,0
z13tv3oqtkz0exqhg04cjfgqlyrgipmou20,vuong quang,2015-05-26T14:53:14.277000,LikeÔªø,0
z132xfsy4pz5uvyxh04ce50xez2ki53ysaw,Ryan Ramma,2015-05-26T14:39:51.793000,Whose who are watching this in 2015. ¬†LIKE!Ôªø,0
z13uhhxp5nvig15yc04citszvtagwtmpqcc,Terry Short,2015-05-26T14:33:52.496000,"Support the fight for your 4th amendment right to privacy in your home.¬† Stop the NSA spying on Americans with the un Patriot Act Renewal. Rand Paul has spent 10.5 hours on the Senate floor in a Protest and Filibuster fighting for our¬† Constitution that this Nation is founded on. Join the fight at Rand Paul dot com. Spread The Word. We Have Someone That Cares About Our Nation.¬† Email your Senators, Congress men and women, tell them to support Rand. Tell the news to support Rand too Senator Rand Paul was up until <a href=""http://www.youtube.com/watch?v=pRpeEdMmmQ0&amp;t=1m00s"">1:00</a> am this passed Saturday morning fighting for our Constitution buy postponing the vote until this week. Our Constitution Matters join Rand in the fight to protect <a href=""http://it.ht"">it.ht</a> to privacy in your home and business.. Senator Rand Paul was up until <a href=""http://www.youtube.com/watch?v=pRpeEdMmmQ0&amp;t=1m00s"">1:00</a> am this passed Saturday¬† morning fighting for our Constitution buy postponing the vote until this week. Our Constitution Matters To All Of US, Help Rand Protect It by joining the fright for it.Ôªø",1
z135ihwjrofccvbzu04cehzp3prte5jyccg,marko kacar,2015-05-26T09:54:10.695000,best song in worldÔªø,0
z12rihewvsi0fxgui23bi31bulqvfj5vk,ovidiu mitricioiu,2015-05-26T08:11:50.918000,BEAUTIFUL,0
z12wc5uotu3gz1pwd04ce1ly2vjuvxphxuk0k,Agung Handono Susilo,2015-05-26T03:34:08.887000,Good song:-)Ôªø,0
z13lgjaxhnbzuxxmd22iyh24cwqqwpfiz04,Nimesh Nambiar,2015-05-26T03:17:53.672000,She&#39;s such an awesome entertainer. And pretty too! &lt;3 Shakira!Ôªø,0
z13gv1bxbuytgjl3o23fdr5r3kaadbbm1,‚Ä´ÿ≠ŸÑŸÖ ÿßŸÑÿ¥ÿ®ÿßÿ®‚Ä¨‚Äé,2015-05-25T23:42:49.533000,Check out this video on YouTube:Ôªø,1
z13vf1mwauyjgj23q22vtppxjlnihr2ro04,Zcoria Kelly,2015-05-25T22:43:48.266000,Love this songÔªø,0
z13fsxq5coffdz54p04cjxzppp3ezhhw0u40k,Spider Girl,2015-05-25T21:31:01.689000,Love this song! My soccer team made a cd for our couch with this song on it!Ôªø,0
z12afj2p2pniy1idm23wclt4ox2wujzj004,Ernest Foli,2015-05-25T21:08:10.798000,fave songÔªø,0
z13ue30j3uywfdivm23zgtzoflv0fhqce,Laura Gray,2015-05-25T19:56:09.670000,Watching in 2015Ôªø,0
z12wuxjqmqjbyjab404cidxofne4ftup35c,Trygve Nilsen,2015-05-25T19:48:16.265000,I felt old when I realized that this song was 5 years old...Ôªø,0
z13iuzxghsypjtfwy04ccnewbqbde3qwea0,–°–µ—Ä–≥–µ–π –ê–Ω–¥—Ä–µ–µ–≤–∏—á,2015-05-25T18:00:22.486000,love Shakira!Ôªø,0
z13yi50hjzqgitubv04cfhzyby3ystsrh5g,adey lanre,2015-05-25T16:39:15.791000,One of the best song of all the timeÔªø,0
z13udxpqgtnnxt10o232vhgbspnveld0c,bossdon redhouse,2015-05-25T15:53:41.740000,I really am madly in love with this woman!!Ôªø,0
z13ywdzqsnmjhts2v22qzrhpxzn5frizg04,Eidya Pal,2015-05-25T14:43:55.353000,i totally love this song. absolutely fantastic! i love ya shakira!Ôªø,0
z135znoyckynyhfyc04cj1qzturycx24aw40k,Ed Garcon,2015-05-25T14:05:41.188000,im still watching in 2015Ôªø,0
z13uxtggrz25vlgcy225xf5yqweagnrra04,rachel perez,2015-05-25T14:05:18.188000,the song is sadÔªø,0
z13ijbpyhnvtddsue223c3pgilfjs3pmv,Ibtihal Baho,2015-05-25T11:21:16.857000,gooodÔªø,0
z13cvpcyiqr5xnfmj235exiwvlqre514d04,Viv Varghese,2015-05-25T08:59:50.837000,The best FIFA world cup song for sure.Ôªø,0
z12csjyqqru3tvlcb22hz3vrrn3jzfzyg04,Thiago Andrade,2015-05-25T08:08:49.121000,Nice v√≠deo shakira goodÔªø,0
z12bfraboyajftgbz04ccbkr3xjxfxyxsew,Abdullah Fawzi,2015-05-25T06:25:22.319000,"coby this USL and past :<br /><a href=""http://adf.ly"">http://adf.ly</a> /1HmVtX<br />delete space after yÔªø",1
z132svd4fvq1wntfd221w5szfzezjri2r,Abdullah Fawzi,2015-05-25T06:23:24.405000,"see this<br /><a href=""http://adf.ly"">http://adf.ly</a> /1HmVtXÔªø",1
z13xy3naqwneytjyb04cjdb54luwyjk4alo0k,Nash Alema,2015-05-25T03:09:41.790000,Waka wakaÔªø,0
z12qufrhtzvrzztje04chhmadyu3glopkm00k,Russian soldier sniper,2015-05-25T02:38:54.495000,she is beautiful but it is not American!Ôªø,0
z121ireiytz2f1xzz04cc5fznlnchb1jphg,Toby Bywater,2015-05-25T01:47:45.053000,Thumbs up if your watching in 2015Ôªø,1
z13wgdwwuralul0ki23fuxqxvrbmunwkf,Mohammed Yousef,2015-05-24T22:42:30.198000,ILOVETHISSONGÔªø,0
z12hsre40qqswblvg22kvlrhgznxul1xu04,JH Simene,2015-05-24T22:24:17.416000,Subscribe me please. i&#39;ll promise i&#39;ll sub backÔªø,1
z13uw5rqqwu4ufqli224fvzryy2vwlyk4,MmmHmmm,2015-05-24T20:38:33.832000,Lamest World Cup song ever! This time FOR Africa? You mean IN Africa. It wasn&#39;t a Live Aid event or something. She made it seem like a charity case for them instead of a proud moment. Where¬†was Ricky Martin when you needed him! SMHÔªø,0
z13lhxc4yoidt5hdn23jydg5nkuehblxs04,Angelica Figueroa,2015-05-24T20:29:41.546000,My friend Sam loves this songüòäüòäüòäüòäüòäüòäüòäüòäüòäüòäüòäüòäüòäüòäüòäüòäüòäüòäüòäüòäüòäüòäüòäüòäüòäüòäüòäüòäüòäüòäüòäüòäüòäüòäüòäüòäüòäüòäüòäüòäüòäüòäüòäüòäüòäüòäÔªø,0
z12zcxyjxof0ihx4w04cf1gojz3zwnty4ts0k,Syed Akbar Ali,2015-05-24T19:33:39.585000,Check out this video on YouTube:Ôªø,1
z134ufywgmy5yny1223bvdkxvleyjj2ik04,Oreoluwa Ajjayi,2015-05-24T16:05:33.401000,I love youÔªø,0
z12uvzpw4tufgf2qw04chd5abu3uvf4rw5o,Eric Gonzalez,2015-05-24T15:35:03.844000,"To help shakira become the first female to hit 1billiom views, I&#39;ve decided to watch this Video at least one a day. Everyday! Shakifans we r so close just hit the replay button !!!Ôªø",0
z13zj535dsqgcfyot04cixgics3zdrspsqw0k,‚Ä´ŸÉŸäŸÉŸá Ÿàÿ≥ÿ™ÿßŸäŸÑŸä ŸÅŸäŸÉŸá ŸÉŸäŸÉŸá Ÿàÿ≥ÿ™ÿßŸäŸÑŸä ŸÅŸäŸÉŸá‚Ä¨‚Äé,2015-05-24T14:57:52.858000,ILove shakira Ôªø,0
z13it35hwti1uf0ea22ju5dxoyqiubdso,Tierra Carbon,2015-05-24T14:21:54.411000,It was  cool   the best   song ever  Ôªø,0
z133xfvjenv5vfr0o22nhfrawr2ve3gp004,Lala Ella,2015-05-24T14:16:59.411000,OMG LISTEN TO THIS ITS SOO GOOD!! :DÔªø,0
z13azdiwulmkf5kmr22cwbpq1zrntfxby04,Alexander Solli,2015-05-24T12:32:18.770000,My uncle said he will stop smoking if this comment gets 500 likes! Please like this comment! Thanks.Ôªø,1
z13lih3oztyagltwo04ceh3rezv2hfx5aj4,Arvind Pandey,2015-05-24T11:55:30.385000,nice songÔªø,0
z12ui12j5ti4dnyaa04cezhbnuuchl05ckc0k,Abdou Abdou,2015-05-24T10:01:03.912000,waka wakaÔªø,0
z12lth44woywehejy04cilgh2lejztjapi0,MOHAMED THASLEEM,2015-05-24T07:03:59.488000,super musicÔªø,0
z13cyndpyk2vefcyo04ce1ib5wrbxjqxuvk0k,Haolin Tan,2015-05-24T03:55:10.367000,How could 108k people dislike this song or videoÔªø,0
z13durqh1sb4iv14q04cep3jenmavh4ajqg0k,Lupitaochoa Dieciseis,2015-05-24T03:02:38.357000,Love it!!!!!!!!!!!!!!!!üíúÔªø,0
z13rg14qosy3uvqz204cf1eaotyyjbyx1ec,Carmen W,2015-05-24T01:36:23.815000,I swear Shakira keeps getting more and more gorgeous! She definitely looks more gorgeous with her hair this way than super curly.Ôªø,0
z12uu1ni2uqrvzfhf04cflg4ezqmjnfzzu00k,Hamilton44,2015-05-23T22:08:55.169000,Youtube comments be like<br />This is so 5 years ago. Ôªø,0
z13teltr2ljvx1cgd04cihnpetm1xlwxm3g,Leedl bagginshield,2015-05-23T21:27:36.596000,it pisses me off a bit that blank space has more views (868 mio) than this. meh Ôªø,0
z12jwtvwcrmks1xbe04ch5nikwnscb4iqr40k,Athena Gomez,2015-05-23T20:45:58.511000,Your the best‚ô£‚ô•Ôªø,0
z13zt31xrsrvcxtsz23dgvob4y21t3ppt04,Athena Gomez,2015-05-23T20:44:51.396000,I love you  ;pÔªø,0
z12iyf2wkybwerg5104cddairnrzf5vwoog0k,Anastasia Trevla,2015-05-23T18:35:07.666000,I love  Shakira !!!!!! ‚ù§üéµüé∂üéºüé∏Ôªø,0
z13rgdjjjzmkuhnvf23dd1wxkqzwvjiij04,Jessica Onyekwere,2015-05-23T17:42:14.383000,"This song is special, because is a song for Africa  and I am an African Ôªø",0
z13fyrra1pres5hbj04chzwabkels11pe5c,GamingWith Kim,2015-05-23T17:40:19.322000,&lt;3 this song so much.SHAKIRA YOUR A REALLY GOOD ARTIST.Ôªø,0
z13cw35rwznvud1jt04cgl4zfpaqxj2z4qg0k,Raphael Lipusch,2015-05-23T17:07:04.122000,I love shakira<br />‚ù§‚ù§‚ù§‚ù§Ôªø,0
z13isvpjcwadtnxfa23sdd0ipp20wzxdd,rtfamily,2015-05-23T16:45:03.492000,"Definitley the song for 2010 when im not listening to gypsy SHAKIRA ROCKS<br /><span class=""proflinkWrapper""><span class=""proflinkPrefix"">+</span><a class=""proflink"" href=""https://plus.google.com/101721377578919894134"" oid=""101721377578919894134"">shakiraVEVO</a></span>Ôªø",1
z12wu1hapwjnvdrwe04cdj4ogu31cpjgnbw,KAM IL,2015-05-23T16:06:50.834000,I remember that torunament like it was today.Ôªø,0
z122s1uitnfitv4ru04cet2jquumwz1zsyc0k,Madalynn Miller,2015-05-23T12:51:30.214000,Thank you. Please give your email.¬†Ôªø,1
z13iefh5fqbhincpi04cfrcaxxzuwfdpgtc0k,ashwini praveena,2015-05-23T12:47:50.445000,beautifulÔªø,0
z12dsplrsvfauj5ej222hhnyyxzffreei,Karol Martinez Restrepo Martinez,2015-05-23T12:16:41.723000,LikeÔªø,0
z12ps3yhzryuzlg4504cezaxkwrjx3cpkgg,Hidayet √ñzsoy,2015-05-23T10:46:16.850000,"Shakira you are so beautiful. You are lovely, lively.. We love you.Ôªø",0
z13lvdcijuj5znbge04cc1iawv3eezsbbjo,–†—É—Å—Ç–µ–º –ê—Ö–º–µ—Ç–æ–≤,2015-05-23T10:13:32.711000,GREAT!!!Ôªø,0
z13cgt0yjtnaxfivx23xx1iwgoymxhu5504,Orlando Saeroon,2015-05-23T09:50:45.142000,Best World Cup SongÔªø,0
z123ydw50qjkfzm5s04cdlzziubxtz0ijfk,redouane najja,2015-05-23T08:57:27.240000,Fuck it was the best ever 0687119038 nummber of patrik kluivert his son share !Ôªø,1
z13bchrxcyruufz4004chdjrzobevxc45ug0k,Manish Ray,2015-05-23T08:55:07.512000,This song is so beauty,0
z12wwjbpsru3dnrkk22ec1qrjm2fzdmte,Misako Detenamo,2015-05-23T07:27:41.917000,I heard this when I was only 6 years old and I still love itÔªø,0
z12zfrwpllnfh34pz04ccvurqymehl5jdmo0k,Naseeb Jan,2015-05-23T07:12:18.941000,nice songÔªø,0
z13zibwb3vaczhraj04cct2hppnuwtbwjq00k,Martis Zelvis,2015-05-23T05:49:17.300000,waka waka:-):-):-)Ôªø,0
z12zujgautikhxpn122mixwjkwavuldmd,alejandro rojas,2015-05-23T03:50:04.006000,Oh my god go to 1 billion of replay i love shakiraÔªø,0
z13aznjg2ojwjlknm23yjbt4uniuepuxs04,Dunrell Pinder,2015-05-23T02:57:54.433000,i love herÔªø,0
z12ijbn5grjidp3vj23psvhyjvv2djpol04,Angie Vazquez,2015-05-23T02:51:23.999000,I love this song &amp;I love shakira&lt;333‚ô°‚ô°‚ô°‚ô°‚ô°‚ô°‚ô°‚ô°‚ô°‚ô°‚ô°„Ää33‚òÜ‚òÜ‚òÜÔªø,0
z13wd3dwlrifgl3mj22vcdci0yiaubueb,Hermen De Greef,2015-05-22T21:46:43.778000,Yea stil the best WK song ever<br />Thumbs up of you think the same<br />Ôªø,1
z13psdarpuzbjp1hh04cjfwgzonextlhf1w,bilal bilo,2015-05-22T20:36:36.926000,I liked<br />Ôªø,0
z13qitsgikv1szy2023jzjdg3pike1yw004,twee gekkos,2015-05-22T20:10:26.759000,I like this song Ôªø,0
z13csdjytri2zxib404cf52g5szadlnbmf0,Robin Turnbull,2015-05-22T18:19:26.548000,i like it :)Ôªø,0
z12xdzogizvptt10e221cxqx2uvsslggp04,Jobs Ho ‰ΩïÁ•ØÂñ¨,2015-05-22T13:23:20.077000,Waka waka !!!Ôªø,0
z12jdvqjrquct3bdj22yizigauehxj4ew,Lucia Scarlet,2015-05-22T11:56:53.104000,Amazing songÔªø,0
z13ldttruqm1x1wsz23qcdlq4saefnkew,Wiki Smolinska,2015-05-22T09:47:17.977000,Cool song Ôªø,0
z13dfprydrvlvl4u323qy515dzzgtzeej,black tiger,2015-05-22T05:23:38.336000,i love u¬† shakiraÔªø,0
z13oxvzqrzvyit00322jwtjo2tzqylhof04,Octavia W,2015-05-22T02:33:26.041000,Waka waka Ôªø,0
z13egzvw2peys54lo221i3zxjxucfbski,Elena Macchiaverna,2015-05-22T01:21:46.397000,this song sucksÔªø,0
z13lgjxz2teyzdxmu23ze3ng1qmjgbsme,The Emerald Minecraft,2015-05-22T00:47:50.295000,Lol I love this songÔªø,0
z13qel3p2qaoexzhh04cjxniunrpzrtjro40k,Shakira Forever,2015-05-22T00:36:04.509000,ShakiraÔªø,0
z134y1ki5svvwt43i23wz5kqsxmaettuu,AlabaGames,2015-05-22T00:31:43.922000,Subscribe my channel ¬†I RECORDING FIFA 15 GOALS WATCH NOW :DÔªø,1
z12gsna4hquwjhkfd22udv3gtmjtjr5ta,Tillolo79,2015-05-21T22:54:24.249000,Wow...5 years<br />Ôªø,0
z13chhog1nbldb2xp04cgtkxcx35z1djpf0,Free Video Tv,2015-05-21T21:15:41.869000,subscribe to me and I wil subscribe to you backÔªø,1
z13cdr2rzsjxxtmjj04cinebunydzthitmk0k,Olda87 CZ,2015-05-21T18:12:34.046000,You best singerÔªø,0
z12rsvvxiwi0j5hat04ccbjg4kjtihhox5o,–î–º–∏—Ç—Ä–∏–π –ì–∞–≤—Ä–∏–ª–æ–≤,2015-05-21T16:29:03.583000,5 years soon!Ôªø,0
z13fupk5zkfpjhnws04chl4w3zf0dnkrkl40k,Berthe Etale Bengue,2015-05-21T15:34:32.783000,LikeÔªø,0
z121fvtbjuq0endru04cfjfofknoyteh3jk,liliana ciancio,2015-05-21T14:52:58.650000,Wanderfol is love or miusicÔªø,0
z13wxxjz4ozfcjom122ushyqfru5uxlk5,Diego Donzelli,2015-05-21T14:51:22.565000,waka wakaÔªø,0
z133ibkihkmaj3bfq22rilaxmp2yt54nb,Debora Favacho (Debora Sparkle),2015-05-21T14:08:41.338000,BEST SONG EVER X3333333333Ôªø,0
z13pfdriymyhzlhwu04chlfgtprmdfbitzs0k,ÊûóÊÄùÈ≥≥,2015-05-21T12:35:28.603000,"Very pleasant to hear, haha, good.Ôªø",0
z123eldrazr3wlyd222zitmg1y2jin1rf04,Mahya Roohi,2015-05-21T08:19:31.099000,love!!!!Ôªø,0
z13tuhvy3vmwxbprk04ci35w5luiwfi4lgk,strong heart,2015-05-21T08:00:58.240000,wow,0
z12zi5bjouv2tbalt23cvzbymuaayju5d04,Ec Martinez,2015-05-21T02:28:12.963000,Waka waka eh ehÔªø,0
z12uftdyclu0s1mbc04cffvjlrukxpl5zdg,Napoleon Maldia,2015-05-21T01:53:33.012000,Cutie girl and beautiful song,0
z13ccr5putughnbke23ui3kg5mjvhzzyh04,Camila Rodrigues,2015-05-21T01:27:39.321000,Love you shkiraÔªø,0
z12muzijetuwf3qgm04ce1nafxvtj535ao40k,Trollsif Stalin,2015-05-21T01:05:19.225000,"I believe that soccer promotes terrorism. Bad choice, Shakira.Ôªø",0
z12kchhgyvetifahq04cez1gdnfhfltxvcg,Ayano Hattori,2015-05-21T00:04:37.489000,I loved this song when I was in my teenage years!Ôªø,0
z13gut2zbtidsnbew23sylmaxrfxhrimv,John Wilkie,2015-05-20T19:35:54.615000,Lip synch is terribleÔªø,0
z12xi1iaory1jvmlu23xfrayazjrv3jlj,Lili‚ô•,2015-05-20T17:20:19.177000,"Shakira is different :) She is so happy all the time and she is spending for Africa :)<br />She can dance , sing and she speaks 4 languagesÔªø",0
z13fzxyw3q3bupy0w22oc3wrmu2qdtmu4,Lucas Bonini,2015-05-20T17:15:30.741000,Gusttavo Lima Voc√™ n√£o me conhece <br />Check outÔªø,1
z13vuf3jnrncwzree22ac3sils25edx4h04,ibrahim kula,2015-05-20T16:53:38.768000,Best world cup offical songÔªø,0
z134htyq0xbgvvowg04cehpiox35d5chu1s,THE GAMER OF TOMORROW,2015-05-20T14:56:07.374000,5 years ago damn Ôªø,0
z12tuvbodnn5ipp3o22mxnarfnnrxbq4z04,Basanagowda Policepatil,2015-05-20T14:47:02.884000,Very nice,0
z131uprw3qv4w5iou04cjbbgtvjedpoonvs0k,Ruchira Naidu,2015-05-20T14:34:27.224000,"Help shakira&#39;s waka waka be the first song by a female artist to reach 1 billion views.<br />(dark horse is ahead by roughly 100 million more views, and roar has only 50 million more views)<br /><a href=""https://www.youtube.com/watch?v=pRpeEdMmmQ0"">https://www.youtube.com/watch?v=pRpeEdMmmQ0</a>Ôªø",1
z130ilq4jomxx1poy04cjvniyzbqjzrjpqc0k,Play Now,2015-05-20T10:06:29.780000,like meÔªø,0
z12guhfqxzvgy3sxc04ccblrqxbmvperiqg0k,vimal singhania,2015-05-20T09:48:09.938000,SHAKIRA SONG WAKA WAKAÔªø,0
z12bf3fptyfkzh44n04cdbxbnyanujcy2u00k,Dara O,2015-05-20T02:39:10.745000,So underrated better<br />Than  Katy perry :/ but in not saying Katy is bad but she has no meaning to her songs. Shakira has<br />Meaningful songs these are the songs which bring memories and vibe&#39;s. I will miss it.   <br />   Ôªø,0
z130g5myrnncvnns3225s5jqjkqwi5de2,Samuel Hsu,2015-05-20T02:24:46.417000,I love this song and expect the World Cup .Ôªø,0
z13zwzgpxmihuzumx23mxf2agufctlajp04,Matheus Ribeiro,2015-05-20T01:41:33.711000,Good times ...Ôªø,0
z13qfn5yusqoslnn222dutdw4yqmhzhej,LiveLikeLien x,2015-05-20T00:57:56.444000,"It makes me happy instantly, and makes me forgot everything bad happening!Ôªø",0
z12ivloo2snustjpe04cdbf5bknuudrxpdw,LiveLikeLien x,2015-05-20T00:57:28.965000,Love this song so much! One of my faves! XxxÔªø,0
z13oc3rzqy2pwxors04cflibxy2zutsakz40k,Kalle Eklund,2015-05-19T23:29:31.994000,"Hi, nice song Shakira! (Sorry for bad Brazilian)Ôªø",0
z125trmyqrbaijwhf04cctobjlq4ixy4gz00k,Mohamed Anhari,2015-05-19T23:02:25.583000,BEST SONG! GO SHAKI :DÔªø,0
z12binsaxx3yiti1322df3pgvmqgurgp104,SmokinBlue,2015-05-19T22:08:37.320000,THIS IS SHIT AND SOOOOO AUTOTUNEDÔªø,0
z12nivexgtecgn3dd233jpupkve4gztnk,Tomke Brate,2015-05-19T20:02:18.759000,....I stil lisening this :)Ôªø,0
z13nshrbexf5xnur204cjvtimtu0xrnwm4o,KILLER SVK,2015-05-19T19:12:17.614000,sexy shakiraÔªø,0
z124dtzgsrbsw1kxh04cgpdjqlv3ghegsms0k,LaiLa Steudle,2015-05-19T19:06:50.714000,I love you Shakiria!!!!!!Ôªø,0
z12uyzyjxtysunbmn235efxoisv3ena4q04,LaiLa Steudle,2015-05-19T19:05:28.470000,Me and my aunt love this song!!!!!Ôªø,0
z12jxbfwpnr2u3g1z23sshzxdobre3x0f,nosa bella,2015-05-18T22:19:53.735000,I subscribed it<br />Ôªø,1
z13rv5wieu2fdnogl04cdl0bdmjuunpwcnk0k,C Williams,2015-05-18T21:51:36.079000,Check out this playlist on YouTube<br />Ôªø,1
z12yhleh5k2lcxtr304chn2gatiwur3xhz40k,Lizle Productions,2015-05-16T11:33:22.322000,Top three Shakira songs (my choice) <br /><br />1- Waka Waka (it&#39;s time for Africa)<br /><br />2- Can&#39;t remember to forget you <br /><br />3- Empire<br /><br />Like this comment if u like Shakira Ôªø,1
z122tvoquqzuirdhu04cfbfznza2jt05juk0k,gamila Khalil,2015-05-14T19:02:59.210000,Check out this video on YouTube:Ôªø,1
z13jgncbqw2cwjroj04cfxjisoyrsj2z4kw0k,Nancy Kiragu,2015-05-12T11:48:27.242000,Check out this playlist on YouTube:Central Ôªø,1
z13ri55z2su3xp2v123ie1ywjn31zj0sl,RezAIIDay,2015-05-11T19:01:00.573000,"If you could take time &amp; spare a min to read this, then thank you.¬†<br /><br />Im a rapper, if we&#39;re gonna be honest theres thousands maybe even millions<br /><br />of those in the world but not too many with ambition, dedication &amp; passion.<br /><br />I don&#39;t have money for huge YouTube advertisements or incredible music videos<br /><br />so all im left with is comments to expose my music.<br /><br />If you could take a moment and give me a chance ill make you a believer<br /><br />I would love? nothing more than a loyal following on YouTube. For anyone who¬†<br /><br />Reads this could you press the &quot;THUMBS UP&quot; ¬†others will see it.<br /><br />Doing so will help me push closer to my dream :) Thank YouÔªø",1
z13dhjwwakylwb1ed23vd1mpsmnju5n0o,GALAXIAN HD,2015-05-09T16:51:31.436000,please visit my channelÔªø,1
z13lwva51nepgdxi404ceffbmqnfgje410c,‚Ä´ÿßŸÜÿ≥ ÿßŸÑÿ∫ÿßŸÖÿØŸä‚Ä¨‚Äé,2015-05-09T00:09:35.368000,Pleas subscribe my channel GamezZMTAÔªø,1
z13axdfy2v21eltyr04cib5jvzz3etij0g0,GamezZ MTA,2015-05-09T00:08:26.185000,Pleas subscribe my channelÔªø,1
z12rvnaqcprqe1jmt23fynpy0ziidrrzg04,joory amora,2015-05-09T00:07:53.422000,Pleas subscribe GamezZ MTA my channel<br />Ôªø,1
z12nsvmo4yrifjeg504cfdvrhm2vt5p4wfg,Simon Morales,2015-05-08T20:28:10.938000,"cool song check out my animal trafficking petition.<br /><a href=""http://www.thepetitionsite.com/387/433/550/stop-animal-trafficking/?cid=headerClick"">http://www.thepetitionsite.com/387/433/550/stop-animal-trafficking/?cid=headerClick</a>Ôªø",1
z13oxjdhkxzqyti1123rvxox2om4fpqqt04,Felipe Browne,2015-05-08T01:52:42.291000,Check out this video on YouTube: Ôªø,1
z12ohx343rfzs3nmz22rfnzbkqvqtnxwt04,CliP ArT shoW,2015-05-06T07:40:02.079000,Subscribe and Win a CAP<br />       ‚òÜ‚òÜ‚òÜ‚òÜ‚òÜÔªø,1
z13tgdxgmputf1xfk22jjzhqgpi4v3xo104,Pauline Martinez,2015-05-06T03:21:12.870000,Check out this playlist on YouTube:Ôªø,1
z13zhngyrsyeffkvf22cjvtofreiub1lp,Hawa Bah,2015-05-03T17:20:32.978000,Hey guys love this but check out this girl name cause she knows how to dance so search up ej ba dancing.Ôªø,1
z131i1xypyunynkci22ijfxr2tuaf1nav04,Si Ham,2015-04-30T07:59:41.488000,"if you want to win money at hopme click here¬†<a href=""https://www.paidverts.com/ref/sihaam01"">https://www.paidverts.com/ref/sihaam01</a> it&#39;s work 100/100Ôªø",1
z13asbvq1n2ttvptn23vd1mpsmnju5n0o,GALAXIAN HD,2015-04-26T17:36:25.815000,i am from Brazil please subscribe my channel love you allÔªø,1
z13szlz5sp2zw3fxc04cc3nbhlmjxnphivg0k,Robloxia Asap,2015-04-25T19:54:03.298000,Could Spanish people understand this?<br /><br />Any way&#39;s I how you doing subscribe to me I brake things<br /><br />-_-Ôªø,1
z133vdcgmrijgrhld22zst0i2nfnvdvxa04,How To,2015-04-25T06:38:00.463000,PLEASSSSSSSSSSSSSSSS SUBSCRIBEEEEEEEEEE MY CHANNNNNNELLL PLZZÔªø,1
z13twxvoxwz1f11pk04cij1b0zi1ifbhdno0k,mariam shoja,2015-04-23T10:14:34.527000,Check out this video on YouTube:Ôªø,1
z134zb2xvybxwt54s04cexswtliatpbqxjs,Marius Dima,2015-04-23T09:27:06.888000,"New way to make money easily and spending 20 minutes daily --&gt; <a href=""https://www.paidverts.com/ref/Marius1533"">https://www.paidverts.com/ref/Marius1533</a>Ôªø",1
z12gj5gi4leawfcni225jty5wzvecj53m,Jet Lee,2015-04-23T08:08:38.925000,There are beautiful songs please subscribeÔªø,1
z13eupqxoyr2jf4xm04cetijyrjezfxovgw,500 Subscribers with no videos?,2015-04-22T17:36:57.326000,Can this channel get 500+ subscribers? You can make that happen :DÔªø,1
_2viQ_Qnc6_pJLNSe-ysm1Q4pDNKWrl6EWw0cSIBV14,Ali Reza Nipu,2013-11-05T06:23:41.092000,"I really love watching football and also I‚Äôve started off making income with out financial risk from acquiring bonus deals. It‚Äôs this weird technique where you wager on something with one bookmakers and bet against it on Betfair. You secure the bonus as income . A chap named Jim Vanstone is finding the wagers free on his own website Vanstone Secrets (Google it!). I‚Äôve made about 500 quid thus far. And it is cost-free. I guess the bookies pay him to obtain new consumers, yet this actually works.",1
_2viQ_Qnc6_-PxFkTE_Kx-BN9mjiueYqg5wrx_hMGb4,angela pollman,2013-11-04T01:38:02.979000,and how many subscribers compared to her over a million,1
_2viQ_Qnc6_ZYkMn1fS805Z6oy8ImeO6pSjMLAlwYfM,mile panika,2013-11-03T14:39:42.248000,"I absolutely adore watching football plus I‚Äôve started earning income with out risk from claiming bonus deals. It‚Äôs a weird technique where you put money on something with one bookmakers and put money against it on Betfair. You acquire the bonus as income . A lad named Jim Vanstone is selecting the wagers free on his website Vanstone Secrets (Google it!). I have generated about 600 quid so far. And it‚Äôs free. I assume the bookmakers pay him to get new men and women, but it succeeds.",1
_2viQ_Qnc6_NsO9XDTWC1TlbTRevVI-QGIqkXxuyl60,AllDailyVines,2013-11-03T12:11:52.335000,hahahahah ‚ô•‚ô•‚ô•‚ô• :D like vines ?  Subscribe to me for daily vines,1
_2viQ_Qnc6_J91n3DVA-4R9BjK8WFHtrJvrEn31ogGU,prem kumar,2013-11-03T11:15:28.071000,"Hi there, have you heard about DribbleProShot? Just do a search on Google. On their web site you can watch a smart free video featuring the best way to significantly boost your football aka soccer skills in no time... It turned Nick into a much better football or soccer player...His team mates were definitily amazed! I hope it will help you also...",1
_2viQ_Qnc68YSD3Jr7qwbu0qvY0HeLZysgcn6ievlLI,rijia babu,2013-11-02T15:17:41.037000,"Hey, have you tried &quot;DribblePROshot&quot; yet? Just do a search on Google. On their website you will find a useful free video demonstrating the right way to enormously improve your soccer or football skills in no time... It transformed Fausto into a substantially better football/soccer player...to the amazement of his team mates. Hopefully it works for you too.",1
_2viQ_Qnc6-_qc98D_T8ICCw3meS1f1YJqU9SA-X1t4,lildeneiro,2013-11-01T11:03:14.840000,"Still amazing this song!! I did a French Kpop Parody. Please come on my Channel to watch it. Share, suscribe, comment Thanks",1
_2viQ_Qnc6-FlNdROU4zIseFCr76DMg7l8N-trEo764,real money,2013-10-30T15:55:56.097000, subscribe to my feed,1
_2viQ_Qnc6_1RPym_S70n6Rv617-TI9Z8GVhGlwXs_I,AllDailyVines,2013-10-28T00:00:12.526000,:D subscribe to me for daily vines,1
_2viQ_Qnc68YBtosyTVGLy_Fs4YYXoiWd5-wKXnaIw4,celebsongspoof,2013-10-27T19:00:17.015000,"Hey guys whats up? I found this app that lets you get free gift card vouchers like psn cards,X-box live cards and even amazon gift cards. For free! All you have to do is  simply just download the app from the app store. It is called juno wallet. All you have to do is just sign up for the app and then complete a few surveys or just download some other free apps and you get money like 10 cents. Also, if you type in the code IM2458444. You will also start off with $0.25 free!! ",1
_2viQ_Qnc69LaqGJOI7p8VvK_26tIy8R0g_z-_ye79c,Laura Brown,2013-10-27T02:55:06.764000,"You guys should check out this EXTRAORDINARY website called FIREPA.COM .   You can make money online and start working from home today as I am!   I am making over $3,000+ per month at FIREPA.COM !   Visit FIREPA.COM and check it out!   Lake   . Duzafizz . Singlewave . Spourmo . Burder . Colorful . Claster . Incandescent . Ambitious . Winooze . Absorbing . Macabre . Crestboot . Boxium . Womanly . Tan . Ybuwyn . Forgetful . Pepelexa . Zealous",1
_2viQ_Qnc6-fnXF3jNuC5sr8txrOVFd4Uozj9Y4xC-w,FreshisYummy,2013-10-26T06:28:32.523000,Waka Waka!:D   Check out my new HALLOWEEN VIDEO!:),1
_2viQ_Qnc6-awsV_zO5HWBhiYFzj5-4qgeeFv1iJwRU,Ferdi David,2013-10-25T11:26:10.848000,we are 14 year old boys we are trying to enter in the music industry Maybe we are just a dreamers but we are not the? only one. Please give us one chance to prove ourself to you. we know these things are annoying as hell we are sorry? about that. But we do anything to get music heard. Please visit our channel subscribe if you like and thumb this comment up so everyone can see we have made a song called: I Wanna Play A Game please take a look on our channel Thankss!!!,1
_2viQ_Qnc69HTQ21lx0wtZ4TFYSpc_gMDApvlQt0q8o,Ishfaq khan,2013-10-21T07:18:41.460000, plz i wilsubscribe me frndzzl subscribe u back,1
_2viQ_Qnc68YhzlKOdq3h2y3v8TCi0RQSIFzQP8hltY,Derek Moya,2013-10-21T05:47:26.457000,"You guys should check out this EXTRAORDINARY website called MONEYGQ.COM .   You can make money online and start working from home today as I am!   I am making over $3,000+ per month at MONEYGQ.COM !   Visit MONEYGQ.COM and check it out!  Why does the fragile swim enlist the person? How does the ice audit the frequent son? The fantastic chance describes the rate.",1
_2viQ_Qnc6_KD8seCZD8AcEirg_4NEFXuEO1fKw3lmY,VideoPro,2013-10-20T20:52:44.901000,SUBSCRIBE ME AND I REQUITE,1
_2viQ_Qnc69ShtSmsaBOGFHrTAVCkLAtpOr40oiL5Yg,James Cook,2013-10-20T13:31:10.083000,"Stop Wasting Up Your Time and  Get Paid To Mess Around On Facebook And Twitter!  GET PAID UPTO $25 to $35 AN HOUR... Only at 4NetJobs.com  Work from the Comfort of your Home... We are Currently Hiring People from all Over the World,  For a Wide Range of Social Media Jobs on Sites such as Facebook,Twitter and YouTube.  You don&#39;t Need any Prior Skills or Experience and You can Begin Work Immediately!  You Can Easily Make $4000 to $5000+ Monthly Income‚Ä¶Only at 4NetJobs.com",1
_2viQ_Qnc69fyi7qH4TDPB7CSJnioSrJi3CoQXBbjCo,Mayla Stephens,2013-10-18T20:28:32.779000,I love this!!!!! This is one of my fave songs now and I just subscribed :) :) :),1
_2viQ_Qnc6_kxEjV8Ut57SeEGdqSKmC8VGP1K38Q2qY,Scott Johnson,2013-10-18T19:45:43,"You guys should check out this EXTRAORDINARY website called ZONEPA.COM .   You can make money online and start working from home today as I am!   I am making over $3,000+ per month at ZONEPA.COM !   Visit Zonepa.com and check it out!  Why does the statement conciliate the acidic stretch? The earth recognizes the money. When does the numberless number transport the trade?",1
_2viQ_Qnc69wKf5GrJmQ5IZqKaEKr-rIjB5OqBC1Y_M,HowToMakeALotOfMoneyFast,2013-10-18T16:44:51.714000,How To Make A Lot Of Money Fast,1
_2viQ_Qnc6-I58GFzl5H7twI_SISp0gQ8DndetxF2i0,link chick,2013-10-18T13:17:29.088000,visit &quot; ww estiloproduction com &quot; best website to make money,1
_2viQ_Qnc69N53yIJS3ZrRHmdbS1qZLnkXgodzIegJM,BloggerGaming2229,2013-10-16T19:05:33.329000,Message :   GTA V  $20  FIFA 14 $15  PS4  $200  Galaxy S4 mini $250  Ipad 4   $200  visit the site hh.nl,1
_2viQ_Qnc68eqIzELH00rh9umGlUKSRuQvWZAXhr_qM,James Cook,2013-10-15T17:00:04.573000,"Stop Wasting Up Your Time and  Get Paid To Mess Around On Facebook And Twitter!  GET PAID UPTO $25 to $35 AN HOUR... Only at 4NetJobs.com  Work from the Comfort of your Home... We are Currently Hiring People from all Over the World,  For a Wide Range of Social Media Jobs on Sites such as Facebook,Twitter and YouTube.  You don&#39;t Need any Prior Skills or Experience and You can Begin Work Immediately!  You Can Easily Make $4000 to $5000+ Monthly Income‚Ä¶Only at 4NetJobs.com",1
_2viQ_Qnc69h-dBshypMERLv5by8Rf7I8TSLnP1Lnoo,Steven Slater,2013-10-15T09:56:19.653000,Being paid to respond to fast paid surveys from home has enabled me to give up working and make more than 4500 bucks monthly.  To read more go to this web site bit.ly\1bSefQe,1
_2viQ_Qnc6-grcnVFTtwnhvC9tpgVG33p5a0AZHKlLI,James Cook,2013-10-14T10:35:03.861000,"Hello Guys...I Found a Way to Make Money Online You Can Get Paid To Mess Around On Facebook And Twitter! GET PAID UPTO $25 to $35 AN HOUR...Only at 4NetJobs.com Work from the Comfort of your Home... They are Currently Hiring People from all Over the World, For a Wide Range of Social Media Jobs on Sites such as Facebook,Twitter and YouTube You don&#39;t Need any Prior Skills or Experience and You can Begin Work Immediately! You Can Easily Make $4000 to $5000+ Monthly Income‚Ä¶Only at 4NetJobs.com",1
_2viQ_Qnc6-q29okw74KTmVXCvhacMZ5NjAiYdAwHww,Louis Bryant,2013-10-12T15:55:05.693000,"You guys should check out this EXTRAORDINARY website called ZONEPA.COM . You can make money online and start working from home today as I am! I am making over $3,000+ per month at ZONEPA.COM ! Visit Zonepa.com and check it out! The meat discusss the successful memory. How does the peaceful unit arbitrate the guide? The addition designs the worried loss.",1
_2viQ_Qnc69vgWhC2acrKSH-tvjKq1KuKBca1UtB8wk,Louis Bryant,2013-10-12T15:20:19.887000,"You guys should check out this EXTRAORDINARY website called ZONEPA.COM . You can make money online and start working from home today as I am! I am making over $3,000+ per month at ZONEPA.COM ! Visit Zonepa.com and check it out! How does the mother approve the axiomatic insurance? The fear appoints the roll. When does the space prepare the historical shame?",1
_2viQ_Qnc69mufWqn8FcFN6u6tahNMkNWgB4-jKb2hs,Louis Bryant,2013-10-12T15:19:50.282000,"You guys should check out this EXTRAORDINARY website called ZONEPA.COM . You can make money online and start working from home today as I am! I am making over $3,000+ per month at ZONEPA.COM ! Visit Zonepa.com and check it out! The plausible summer submits the behavior. When does the grass check the peaceful seat? The country strategizes the edge.",1
_2viQ_Qnc6_QZJzAERyAVzhcr3jy2ctVM4zQMfesQWQ,The NeedleWork,2013-10-12T09:32:49.512000,Check out my channel :),1
_2viQ_Qnc6_qs30Ph_whafzKoWVyh_xIYpN3-7U_VmA,high tems,2013-10-12T09:13:19.285000,subscribe  my,1
_2viQ_Qnc69BVRuBYCJ6ik7gdMwTiBRS9DDnTjNs-Gg,James Cook,2013-10-10T18:08:07.815000,"Hello Guys...I Found a Way to Make Money Online You Can Get Paid To Mess Around On Facebook And Twitter! GET PAID UPTO $25 to $35 AN HOUR...Only at 4NetJobs.com Work from the Comfort of your Home... They are Currently Hiring People from all Over the World, For a Wide Range of Social Media Jobs on Sites such as Facebook,Twitter and YouTube You don&#39;t Need any Prior Skills or Experience and You can Begin Work Immediately! You Can Easily Make $4000 to $5000+ Monthly Income‚Ä¶Only at 4NetJobs.com",1
_2viQ_Qnc6-nD73Whq8IPs5SpJ3v8OO6PlgvyoopAqQ,Merabi Mazmaniani,2013-10-10T09:39:11.008000,Please visit this Website: oldchat.tk,1
_2viQ_Qnc68tZfiBq8O7pExj1MmWcnorsu-kyc0Jz8Q,Merabi Mazmaniani,2013-10-09T14:20:36.334000,Please visit this Website: oldchat.tk,1
_2viQ_Qnc6-k1VSPmCd2mrSAAQXChBMxF7oeJGCepUU,Anderson St. Martin,2013-10-09T03:22:24.252000,"Hello everyone my name&#39;s Anderson and i&#39;m a singer. not expecting to buy subscribers with words BUT to gain them with my voice. I might not be the best but my voice is different (in a good way) and i&#39;ll work harder than anyone out there to get better, &#39;cuz &quot;yeah&quot; i have a dream  a HUGE one, (who doesn&#39;t?) so please take 3 minutes of your time to check out my covers. Give me a chance you won&#39;t regret it If you feel like subscribing that&#39;d be awesome and it&#39;d mean the world to me THANK YOU SO MUCH",1
_2viQ_Qnc68jroUSzJhg6jrxFj86oxZrAtGB_PWbOm4,latrell brown,2013-10-08T18:26:06.234000,Check Out Daneja Good Girl,1
_2viQ_Qnc6-dfXGv_qVn1mdoRB9dAfp4ppjUsNu-GDU,OnlineJobs99,2013-10-07T03:35:34.267000,"Hello Guys...I Found a Way to Make Money Online You Can Get Paid To Mess Around On Facebook And Twitter! GET PAID UPTO $25 to $35 AN HOUR...Only at 4NetJobs.com Work from the Comfort of your Home... They are Currently Hiring People from all Over the World, For a Wide Range of Social Media Jobs on Sites such as Facebook,Twitter and YouTube You don&#39;t Need any Prior Skills or Experience and You can Begin Work Immediately! You Can Easily Make $4000 to $5000+ Monthly Income‚Ä¶Only at 4NetJobs.com",1
_2viQ_Qnc6_eMN0NwT5paySjJPFbN5xI9W8C1Bwoq1U,WhatUKnow,2013-10-07T02:59:17.497000,Subscribe to my Youtube Channel!! :) Suscribite a mi canal de Youtube -WhatUKnow,1
_2viQ_Qnc68DyUSaxqDmv-6yHPVUpKeYAZhrh2PUMZg,jameskileymusic,2013-10-06T05:38:47.524000,Check out my bass cover of hips don&#39;t lie by shakira!,1
_2viQ_Qnc6-TLlBlT0itl1DbMJQGBx_6ZbscBXA3Nww,WhatUKnow,2013-10-06T03:24:16.073000,Subscribe to my channel :)  &lt;3,1
_2viQ_Qnc69wrsSgR2azuokmk5-WDQVVI2lCV-WqJGA,Hadrien Robalo Marques,2013-10-05T22:31:44.181000,The britishs called that soccer but you know the true word is football and the US Foot is called rugby. That works like that in EUW ( Germany/ Netherland/ France/ Portugal/ Belgium/ Spain/ ... ) Just because the Britishs don&#39;t agree to be like us because they are UNIQUE. That&#39;s the reason why they also refused to have euro (‚Ç¨) as money,1
_2viQ_Qnc69JZ1f3TJQWKMLhmdP0inDDPwOvzMQiFjE,Su Xianfeng,2013-10-05T11:54:10.192000,subscribe now!!!!!! love the song!!!!!! love football!!!,1
_2viQ_Qnc68fX3dYsfYuM-m4ELMJvxOQBmBOFHqGOk0,tyler sleetway,2013-10-05T00:57:25.078000,so beutiful,0
_2viQ_Qnc68fX3dYsfYuM-m4ELMJvxOQBmBOFHqGOk0,tyler sleetway,2013-10-05T00:57:25.078000,so beutiful,0
_2viQ_Qnc69d37KEGZqBfleT0syzA1usOUM89zKNBGs,Gabriella Korotasz,2013-10-04T22:49:59.635000,She&#39;s so pretty,0
_2viQ_Qnc68DYuhKc_RZjva7trZ1b4AU28tnu1S8KAc,Masreya ..,2013-10-04T22:38:44.441000,I like,0
_2viQ_Qnc6-adLPqdl8Te15fgwPQaG8KLlyJGrtxbic,5000palo,2013-10-04T19:40:44.339000,She is perfect,0
_2viQ_Qnc6-1fj_YPI5S4X9e9VnvAzoykRbwZGAlYgo,emoclew71,2013-10-04T19:18:44.700000,1 753 682 421 GANGNAM STYLE ^^,1
_2viQ_Qnc6-pstqJtz-1zkROrvYIsPoBlOCr8i_tLIM,Capo Crimini,2013-10-04T18:59:40.338000,Your a fucking bitch,0
_2viQ_Qnc6_-kHjHykSk9uu3A0NCryrDEa3pLXbX_C8,WhipCreamOnTop,2013-10-04T18:46:53.897000,this song is racist,0
_2viQ_Qnc68357a4KUMONoAtNJ71qlc4cCzOC5Q5U3E,Od√≠n000,2013-10-04T17:15:51.850000,Where are Shakifans?,0
_2viQ_Qnc684Wob4j6dbLPeYzFG8ZB3h1sgfYm4SDsI,Aliens Studios,2013-10-04T17:13:18.472000,like!!!!!,0
_2viQ_Qnc694tFwvOhmFcrz4GGaxVyxStdYmFH-nR68,5000palo,2013-10-04T16:15:05.278000,I want new song,0
_2viQ_Qnc6_lxLB2IBIspObma9o3R5-8SwQnc8zq9Sk,Alain Bruno,2013-10-04T14:24:49.500000,Shakira is perfect,0
_2viQ_Qnc6_JXmouLzw0-ItjbZCiPZjIwo__lIyDsj8,5000palo,2013-10-04T14:21:59.312000,Shakira :-*,0
_2viQ_Qnc69xHT0POK7QFVihno_v_II_pWLoDMoFPXo,Directioner For Life,2013-10-04T13:54:20.918000,I remember this :D,0
_2viQ_Qnc6-DELwfmf160qnTke41ME1MAOWHfxdLYyU,Tydings Jay,2013-10-04T07:47:56.333000,Waka waka,0
_2viQ_Qnc6_ahzf6NP9Anh6ef2byWNEcrFHd9swO25s,mermskg,2013-10-04T05:20:55.524000,This makes me miss the world cup,0
_2viQ_Qnc68hNPCfXGAxIxW9V7wcDDxSdp-gyHTkgho,ranferi delgado,2013-10-04T03:56:04.784000,best song eva,0
_2viQ_Qnc6-9_PSkIwb3ThN5ebV8wCU8DxCWTgTSOkc,jack nons,2013-10-04T02:35:47.067000,I love it,0
_2viQ_Qnc6_rAWi6BK2OqTQ_Ob0X8DkXenO0qL0qWm0,Ryan Alexander Osborn,2013-10-04T02:26:08.693000,"Believe that Jesus Christ is your savior for all your sins. If you truly believe in Jesus Christ to be your savior for all your sins then you will go to Heaven. If you believe in Jesus Christ then you are saved and you are in salvation and you have gained God‚Äôs righteousness. It matters not how much you have sinned in the past, in the present and especially in the future. Believe that Jesus Christ is your savior and you will go to Heaven forever and that is the whole truth. Spread the truth. ",1
_2viQ_Qnc6-kUg8jc2n9-Cudm5lEsM-cSzIjF182TJo,Pyles Baxter,2013-10-03T02:25:19.324000,"  Perhaps you have seen the newest Miley Cyrus SECRET video ?   She&#39;s sucking an old man&#39;s cock ,  If you wish to see her , check out the celebrity website beneath :   miley-secret-video.co.uk ",1
_2viQ_Qnc6_xOpLcxFFeUEgEYvQjttGcFYeMZ2lK4yY,Pyles Baxter,2013-10-03T01:52:36.990000,"  Haha , Miley Cyrus has done it once again  Today someone leeched a porno video with her on a celeb site   I believe the website link is : miley-celeb-news.co.uk in case you want to view it.... ",1
_2viQ_Qnc6_7GI-VeVlj8gEzvkgATIX3jK-7J1kwWEY,Pyles Baxter,2013-10-03T00:21:52.191000," I really can&#39;t comprehend Miley Cyrus , she actually is a high profile and she tapes herself banging Today a video was leeched with her sucking and fucking The video has been posted at the celebrity website under :  miley-celeb-news.co.uk ",1
_2viQ_Qnc6_IouTIqS8ontdQofcZwF4O6cG0-rFPXvo,lauren sophie,2013-10-02T15:30:38.020000,her voice is so wow!,0
_2viQ_Qnc68MKhLnK71z12gu878i_A0sdfmpA0RvgOE,5000palo,2013-10-02T13:45:33.782000,Shakira :-*,0
_2viQ_Qnc6-M2Gjq_TCThUeRGBbSNsclbeFll-ETDD8,ben mashall,2013-10-02T13:42:21.938000,:),0
_2viQ_Qnc6_N2zOGpILFMw84xtq3hW1Evqp4K2VjCiM,salama al jadeedi,2013-10-02T13:22:09.610000,wow,0
_2viQ_Qnc6-M29TD0eSrvhfMU9n1v7kunCbSMqnODXg,Abdullah Alawani,2013-10-02T12:49:44.963000,I love you,0
_2viQ_Qnc680Rh_y5Dlwtkr_llWVOG7ZQdmNVip_dno,Minh L√Ω,2013-10-02T12:15:58.210000,i like and love so much people all friends..... I love Shakira ^^,0
_2viQ_Qnc6_bcubCrs8YncM7B9016OeduR9RR-cKRb4,Kenji Bustalinio,2013-10-02T11:46:51.783000,:),0
_2viQ_Qnc6-pgdb3FeyKxBCq6-zYy7OAn_tWkX5Xgz4,Chris Williams,2013-10-02T07:50:13.051000,Shakira I love you,0
_2viQ_Qnc6_f7lY0xamQZtpqGkzqcC4U25KdJTNXqfo,‡∏ô‡πâ‡∏≥ ‡∏£‡∏¥‡∏ô,2013-10-02T06:32:58.224000,beautiful,0
_2viQ_Qnc6_umVgV0fI-CSScDHuFxNHIVvezCGhajW8,Alain Bruno,2013-10-02T04:01:20.922000,Shakira is very beautiful,0
_2viQ_Qnc6_eGfHB415UkNWBszO-GzLm9_Q0_qWsNLI,annabelle dalal,2013-10-02T03:50:46.921000,She is good,0
_2viQ_Qnc6-uO31Z6WO5RUUpcrJ43ISst2uruk4y6TI,viginas smell like fish,2013-10-02T03:16:47.796000,God she is so hot,0
_2viQ_Qnc6_XQHOjsmnALH1Quwy3tmW6KKW67LkNGoQ,Juan Martinez,2013-10-02T03:08:55.478000,She is perfect! &lt;3,0
_2viQ_Qnc6-LmEEd3Pfnu9Sr-MT4sVCt84E5BYHGnM0,mirzet beganovic,2013-10-02T02:06:20.220000,Wow,0
_2viQ_Qnc6-TMFClPlfFIBHdy_HbPbLyMhBsuEz5Lj8,Trang Le,2013-10-02T00:48:17.158000,Shakira voice sound spanish but that is what make the music sound amazing ‚ô•I LOVE IT,0
_2viQ_Qnc69D1Jxs1IlkkF0Xzce0uBoJN_OzDHnfmV0,latrell brown,2013-10-01T23:42:30.928000,CHECK OUT DANEJA GOOD GIRL,1
_2viQ_Qnc68Lfu14asBabOAcqL9B7Anp_6zX66rSWP0,42o2 Studios,2013-10-01T19:10:56.808000,Check out my covers please!,1
_2viQ_Qnc68dceJbTRNTP2sksMxa_lm35LaCu_jPluY,Shadrach Grentz,2013-09-29T13:59:42.162000,"Hey Music Fans I really appreciate any of you who will take the time to read this, and check my music out! I&#39;m just a 15 year old boy DREAMING of being a successful MUSICIAN in the music world. I do lots of covers, and piano covers. But I don&#39;t have money to advertise. A simple thumbs up to my comment, a comment on my videos or a SUBSCRIPTION would be a step forward! It will only be a few seconds of your life that you won&#39;t regret!!! Thank u to all the people who just give me a chance! :) ",1
_2viQ_Qnc69A12xULkAOn5BEAGFKxQTTP02SSbsMsmc,Vincent T.,2013-09-29T00:44:30.904000,"Echa un vistazo a la remezcla! / Check out the remix!  MILEY CYRUS - WRECKING BALL (THE HOUSE OF EDM REMIX)  MILEY CYRUS - WRECKING BALL (VINCENT T. REMIX)  ...click, enlace, suscr√≠base! / ...click, link, subscribe!",1
_2viQ_Qnc6-CRJO_6pvsByopsnD3qpCbK0IPhkvTuS8,RanMC & RVNNIN' RVNN,2013-09-26T20:13:40.670000,Hey check out our new musicvideo &#39;&#39;Life&#39;s a celebration&#39;&#39; Peace !,1
_2viQ_Qnc6_onwOgxju-DV6WkqHZEOztCXD04EgEFBU,Hidden Love,2013-09-24T14:29:54.072000,Hi. Check out and share our songs.,1
_2viQ_Qnc6_rdI1pDiJrFRv9uqSk3MizTk-rQeALntU,Noise‚ÄãBreak,2013-09-21T22:11:23.900000,Subscribe &amp; Like /watch?v=5tu9gN1l310,1
_2viQ_Qnc69uhVbXr8SjkhLHu7T1HOxqrEF1f6h8vUA,Finuccsi Aka csincsilla3M,2013-09-21T15:43:40.171000,/watch?v=Dtqcftr1Fac JUSTIEN BIEBER CAR 2013. LIKE&amp;SUBSCRIBE,1
_2viQ_Qnc69ETVqiialEz0s1k4Xnlmwuu1m1Hr-YzRE,killtheclockhd,2013-09-17T15:23:13.101000,check out our bands page on youtube killtheclockhd - check out some of our original songs including &quot;your disguise&quot;,1
_2viQ_Qnc6_0DIjqw5n_WRhiiEtCGnZgvPPZJgZwPjU,The-ZiZ Oh,2013-09-14T16:15:00.990000,HI! CHECK OUT OUR AWESOME COVERS! AND SAY WHAT YOU THINK!,1
_2viQ_Qnc6_B7ncS0M0zl0VC4SZ22T1ZO_GNhI1IWTM,Greg Fils Aim√©,2013-09-10T23:18:01.455000,"I hope everyone is in good spirits I&#39;m a hard working student who&#39;s also a passionate singer I look foward to the day when I can make my own music to share But for now I&#39;ve just been doing covers. Check out my channel, I&#39;ve done Covers of Miley Cyrus, Imagine Dragons, Lana Del Rey, Drake, Macklemore, Pink and countless others.  Subscribe only if you want to. My goal isn&#39;t to become famous but to  inspire FYI this isn&#39;t spamming, everyone has a right to freedom of speech. Thanks ",1
_2viQ_Qnc6_NswChsPPlG9Uf0ofpNvP1p2xoIoIi558,Mohammad Dorri,2013-09-10T14:21:06.521000,please visit our web: wellcomemd.blogfa.com,1
_2viQ_Qnc6-adCzTDLAhqNVQ5hFYcjPyPI5m7pHY4BY,Lizzy Molly,2013-09-09T17:34:07.052000,PLEASE CHECK OUT MY VIDEO CALLED &quot;WE LOVE MIND MASTER IT&quot; THANKS,1
_2viQ_Qnc68Q2-t0ozy5t7pGOgxPEnJYsDVa48udRIQ,5000palo,2013-09-07T21:37:36.738000,She is perfect,0
_2viQ_Qnc6-jidHqOHj6hf4XnhflHNGicw4dL1vZRvQ,DizzyDank314,2013-09-07T20:04:51.947000,ÔΩàÔΩîÔΩîÔΩê://ÔΩóÔΩóÔΩó.ÔΩÖÔΩÇÔΩÅÔΩô.ÔΩÉÔΩèÔΩç/ÔΩïÔΩìÔΩí/ÔΩìÔΩàÔΩèÔΩÖÔΩÉÔΩèÔΩåÔΩåÔΩÖÔΩÉÔΩîÔΩèÔΩí314,1
_2viQ_Qnc6_Z85BMDurr0H0sdfTiCwy1hAg5aytbkWg,Trulee IsNotAmazing,2013-09-07T14:18:22.601000,Beautiful song beautiful girl it works,0
_2viQ_Qnc68mfmp-D4hvnrhJa3Z4I1G4FbP0hvk2rA4,5000palo,2013-09-07T13:36:28.059000,Shakira :-*,0
_2viQ_Qnc69hsj2kD8NcqZ3j5iFIB8o7VpIkf2JL1uU,brooke louise,2013-09-07T11:30:46.720000,OMG LOVE THIS!,0
_2viQ_Qnc689wLmW6MeEZ9rga7i5ZYz1G3IZmSHeWEQ,John Jones,2013-09-07T10:25:25.376000,Ouf Ouf OUFFFFFFFFFFFFFFFFFF!!!!!!!! :),0
_2viQ_Qnc68GD5OuwI5hh_dOADJdyjRye8XvH_ucDSk,jundi sahibol,2013-09-07T05:55:49.698000,awesome,0
_2viQ_Qnc69pXwaj0QM6Ewdhza8RXqWKlQcJUj8dPWg,ernesta gerikaite,2013-09-07T05:30:09.654000,cool,0
_2viQ_Qnc69vjtRxop92H6OWpxKYZu4Mokxff2OzDKE,TheBoss,2013-09-06T23:42:08.961000,This Song will never get old,0
_2viQ_Qnc68o-ddWZf7571X8w1r4L1zFzYihOdQ0tAY,Bold Skud,2013-09-06T20:43:57.411000,I always have goose bumps at that part,0
_2viQ_Qnc69IkplAQG3gXtQ9y40h_rrQsgjJk3v_MOk,Gintoki Sakata,2013-09-06T19:35:01.117000,Love it,0
_2viQ_Qnc68BaXGVkheyDuF79FU05zYyvT-Q5xFyHzM,Alaa Foad,2013-09-06T18:32:07.187000,I love this song,0
_2viQ_Qnc69FP_GeK2URWIx47LwY10_rRmCqfFk0_Uc,Frans Kraanen,2013-09-06T15:57:09.812000,"I want to see Shakira, not football :)",0
_2viQ_Qnc6-_SpDzX8DwHaw3bUkE-owmcb7eOEPPurs,TAKAHASHI KAITO,2013-09-06T14:51:05.944000,good!!,0
_2viQ_Qnc69hcZfDZYAej5tFyv6a7kX1xwJGCG1T3qY,dili bair,2013-09-06T14:02:25.579000,Recommend:  Apple iPad 4th Gen 32GB Unlocked Wi-Fi+4G 9.7in White Price:$390  Apple iPhone 5 (Latest Model) - 32GB - Black Price:$385  Samsung Galaxy S4 S IV 4 with 16GB New White Price:$360  Sony 60-inch 3D LED HDTV Price:$510  All-in-One PCs: Apple MacBook Pro: Apple MacBook Air Price:$320  Camera :Nikon D90 SLR Camera /18-55mm /55-200mm 32GB  Price:$390   Ultrabooks: SONY VAIO Pro 13 Intel Core i5 4GB 128GB Price:$515  +++++++++++++++    Purchase online Website is:  Taaee.com,1
_2viQ_Qnc68RkAwC42s4YBDdCJYELSb6UiuZri58Kn0,Charanjeet Singh,2013-09-06T12:13:12.642000,&quot;HELP THE HUMANITY WITH YOUR SIGN IN TO THIS LINK WITH YOUR WHOLEHEARTED SUPPORT IF YOU SAY &quot;NO&quot; TO DISCRIMINATION. ‚ÄúUNITED WE STAND ‚Äú  WE WILL BRING THE CHANGE TOGETHER.  IMPOSSIBLE ITSELF SAYS I  M  POSSIBLE&quot;  YOU ARE THE WINNERS OF MY SUCCESS!CHEERS TO ALL MY LOVING BROTHERS AND SISTERS !  PLEASE SHARE THIS LINK ON FACEBOOK TO SUPPORT AGAINST DISCRIMINATION.  tinyurl(dot)com(slash)mxh2y77  FEAR NONE BUT GOD !!!,1
_2viQ_Qnc686iGqhAHKEeclAngy8MjvOxAo1hFpatHc,Krystian Konrad More≈Ñski,2013-09-06T09:38:13.854000,"Part 5. Comforter of the afflicted, pray for us Help of Christians, pray for us Queen of Angels, pray for us Queen of Patriarchs, pray for us Queen of Prophets, pray for us Queen of Apostles, pray for us Queen of Martyrs, pray for us Queen of Confessors, pray for us Queen of Virgins, pray for us Queen of all Saints, pray for us Queen conceived without original sin, pray for us Queen of the most holy Rosary, pray for us Queen of the family, pray for us Queen of peace, pray for us ",1
_2viQ_Qnc6_38op-kBrdA4xwd0KSYefHqdbeuljSgzM,Krystian Konrad More≈Ñski,2013-09-06T09:36:48.076000,"Part 2. Holy Mary, pray for us Holy Mother of God, pray for us Holy Virgin of virgins, pray for us Mother of Christ, pray for us Mother of divine grace, pray for us Mother most pure, pray for us Mother most chaste, pray for us Mother inviolate, pray for us Mother undefiled, pray for us Mother most amiable, pray for us Mother most admirable, pray for us Mother of good counsel, pray for us Mother of our Creator, pray for us Mother of our Redeemer, pray for us ",1
_2viQ_Qnc6_FlLJN0izQaKVQNe6LGDmPZMmkVDjjymE,Neeru bala,2013-09-05T23:07:09.056000,Hi.. Everyone.. If anyone after real online work. I can help u. Earn lots of money. It&#39;s fun. It&#39;s real and affiliated company.. U not think u r working. It&#39;s easy and enjoyable. For more info contact me .. Neeru105@ gmail.com,1
_2viQ_Qnc6_8ffRCQd5tgg-gWMV557Vkqa4Yz1P4m8s,Faisal Alqarny,2013-09-05T21:46:13.297000,Nice song ^_^,0
_2viQ_Qnc68WY7dYEqu0Gx6d1pRcC1S2JCkyKwPxBEE,timemastro1,2013-09-05T19:31:01.424000,god she is so sexy! drives me crazy!,0
_2viQ_Qnc69saopRmKcZavlgi69aQhlFsDzUkMqZ1xQ,jemy Abdulrahman,2013-09-05T19:30:37.124000,WOw,0
_2viQ_Qnc68d0oIh4oQZVITOixgFDyWwZLzk0gK604I,arribasinaloa Beltran,2013-09-05T19:25:33.583000,shakira is the best!,0
_2viQ_Qnc68eAk1RuUiWxIBm6SyxuC5iUi2qYbz8gmE,ÿßÿ≥Ÿäÿß ÿßŸÑÿÆŸàÿßÿ¨ÿ©,2013-09-05T18:47:29,Nice,0
_2viQ_Qnc6_VU7QGeFKeturpUPwo-jDiYu85rbtMPS8,fatiha el fallali,2013-09-05T18:08:08.377000,Shakira,0
_2viQ_Qnc69LTbY1BZ2vaOiGknD4szgHVHc6FI3mBAw,5000palo,2013-09-05T17:29:20.413000,Shakira :-*,0
_2viQ_Qnc6_K0UFJiCGKpBw86dGcjZIV5Nt7ke46swQ,Charly Boy Toy,2013-09-05T17:05:33.790000,the best!,0
_2viQ_Qnc6-oktCjZuAEscq8DxT2RHFY1nfSS_hCWf0,Wafence,2013-09-04T19:16:44.109000,"Hey Youtubers and All Music lover&#39;s, Guess most of you all skip these comments, but for you who is still reading this, thanks ! I dont have any money for advertisiments, no chance of getting heard, nothing. All that&#39;s left is spam, sorry. Im 17, Rapper/Singer from Estonia. Please listen my new cover on my account. You wont regret it. Give me just a chance, please. Take half a second of your life and thumb this comment up. It will maybe change my life, for real. Thank you Wafence ",1
_2viQ_Qnc6-8fXmwJsxpt64D862oCsb0cCfnoF_7Pwg,david rodriguez,2013-09-04T04:08:26.821000,do you want to make some easy money? check out my page tvcmcadavid.weebly . com dont miss out on this opportunity give thumbs up i would  apprecitate it.,1
_2viQ_Qnc6-r7fiKCYAGotgCULCIx695QCHaAZDKHBM,Tiffanythebest,2013-09-02T19:42:46.640000,"PLEASE CHECK OUT THIS VIDEO CALLED &quot;WE LOVE MIND MASTER IT&quot;, THANK U :)",1
_2viQ_Qnc69wycunZGebHhH3CnhNYYLjUzHrnXdzkV8,How To Advertise On Facebook,2013-09-01T16:16:00.721000,WAYS TO MAKE MONEY 50k Per Month Search google Now &gt;&gt; 9nl.me/make-money-without-investment-1,1
_2viQ_Qnc6_JXdgRpQbBADKUYa1ESkXLxO1oW_ouaxU,How To Make Money On Youtube,2013-09-01T10:24:20.112000,Meet The Richest Online Marketer  NOW CLICK : bit.ly/make-money-without-adroid,1
_2viQ_Qnc6-76PJqtBpzwmOHbogHlzWG9RSSpe-Kr1s,Maika Kate Mish Linn,2013-08-31T08:59:35.957000,How did you know that people makes another account just for subscribing itself and liking??? :),1
_2viQ_Qnc69AVbPU2gXuoLiAOr6muFqsr7sm17CjhX4,Maika Kate Mish Linn,2013-08-31T08:56:12.507000,:) I&#39;ll subscribe to you. You look Nice :),1
_2viQ_Qnc69WextJrbKBgZtDWQiRWlkxS317fouQMYc,Chris Boatsome,2013-08-30T22:41:51.117000,Hey dickwad - we&#39;re all africans. The colour of your skin just tells us something about how long ago your ancestors left Africa.   Check out Baba Brinkman - he has a song called &quot;I&#39;m A African&quot;   Go learn something.,1
_2viQ_Qnc69hCwlRZTPP7JejZgoroMu8egbziE1hSAc,Mini Mus,2013-08-29T12:28:03.233000,WOW muslims are really egoistic..... 23% of the World population and not in this video or donating 1 dollar to the poor ones in Africa :( shame on those terrorist muslims,1
_2viQ_Qnc68cUterDmjc7m6MyHkz-ADLt28bgxo9TJE,RapStarz Coleman,2013-08-28T19:05:48.998000,Wats Good Go Check Out My Music On Da Channel Ik Yall Got me,1
_2viQ_Qnc6-jJD3XsdtbSW-9MCGB_Xp0nl2NhTBgdGo,RapStarz Coleman,2013-08-27T21:12:40.752000,I Know Y&#39;all Can Check Out Amy Music Because Yall Got Me Go To Da Channel,1
_2viQ_Qnc6-k-Ldaj1pejT7IsYIELp1Npwz5tQAkuX0,Northland Paranormal Society,2013-08-27T13:35:06.557000,Northland Paranormal Society is now on YouTube! Check out our channel of real Paranormal evidence!! facebook/ Northland Paranormal Society!!!,1
_2viQ_Qnc6_m4670hGGDwGjYreYnRR8359YYmuS_lDA,Adam Whitney,2013-08-26T05:24:14.644000,"Hello everyone :) I know most of you probably pass up these kind of comments, but for those who are still reading this, thanks! I don‚Äôt have any money for advertisements, no chance of getting heard, nothing. I live in such a small town... If this comes off as spam, sorry. I‚Äôm an instrumental songwriter from Columbus, Mississippi. Please go to my channel and check out my original music. It would be highly appreciated if you thumbs up this comment so my music can be heard! Thank you, Adam Whitney ",1
_2viQ_Qnc68kPR6lRkhBHXUX2dGt04-4RgzINpv8Yhk,Ando Nesia - | MC | Music Producer,2013-08-25T04:22:28.183000,SO THEN HOW ARE YOU GOING TO CALL YOURSELF A INSTRUMENTAL SONGWRITER IF THERES NO SINGING THERES NO SONG TO WRITE!?!?! LOL.   YOU GOT ALOT TO LEARN KID BUT HEY DON&#39;T FORGET TO SUBSCRIBE!,1
_2viQ_Qnc6-NqqHR40AwZGnQV7in6y6YrSbMW9wRZXM,Adam Whitney,2013-08-25T03:56:24.363000,"Hello everyone :) I know most of you probably pass up these kind of comments, but for those who are still reading this, thanks! I don‚Äôt have any money for advertisements, no chance of getting heard, nothing. I live in such a small town... If this comes off as spam, sorry. I‚Äôm an instrumental songwriter from Columbus, Mississippi. Please go to my channel and check out my original music. It would be highly appreciated if you thumbs up this comment so my music can be heard! Thank you, Adam Whitney ",1
_2viQ_Qnc6-lW0XpQ5szMbbKcq0fuK2p4lDhPbQpGn0,CC FootballWorld,2013-08-24T12:41:23.384000,Please go in and see our Channel and subscribe :-). It would be Nice mate.,1
_2viQ_Qnc6-m9RqGULP5B8P1SH2WqvKu3TnN7rBk2CI,henry Richardson,2013-08-24T05:53:21.519000,wanna earn money online without investment.....just visit this link .....therglove.blogspot.in/2013/08/blog-post_10.html,1
_2viQ_Qnc6_hoPuz8gsl9ZFXFZGPESkLzYU9REwL880,Adam Whitney,2013-08-24T03:05:10.278000,"Hello everyone :) I know most of you probably pass up these kind of comments, but for those who are still reading this, thanks! I don‚Äôt have any money for advertisements, no chance of getting heard, nothing. I live in such a small town... If this comes off as spam, sorry. I‚Äôm an instrumental songwriter from Columbus, Mississippi. Please go to my channel and check out my original music. It would be highly appreciated if you thumbs up this comment so my music can be heard! Thank you, Adam Whitney ",1
_2viQ_Qnc6_yLBNpqStGB5UF3nD3razd5EYm60rdOKs,OriginalVines Best,2013-08-21T20:02:33.102000,CHECK OUT THE DUBSTEP VERSION,1
_2viQ_Qnc68ohvE0UyLK_gdOAe__2iDVi8CqVB97qeA,How To Make Money On The Internet,2013-08-21T14:18:11.087000,i can to make money,1
_2viQ_Qnc6_nI97BKqkdeX9pbSkcDCWrg5cDb74C7kk,Gotcha Laughs,2013-08-19T17:21:29.806000,Wanna Laugh??? Please SUBSCRIBE to our channel!!!,1
_2viQ_Qnc6_fFzltk8kvomVzwfkCdIZApG5fa2-gZRw,Diaz Katherine,2013-08-17T21:11:39.761000,Earn money for being online with 0 efforts!    bit.ly\14gKvDo,1
_2viQ_Qnc6_HD2WpfyqvoRqTXGoLMA_zfTPGbWKrYyw,Bernice Anne,2013-08-16T18:33:18.009000,"Could you please check out my covers on my channel? I do covers like Adele, Kodaline, Imagine Dragons...and more. Please if you could spare a few minutes,  could you have a listen to one or two of my covers , Feel free to comment and subscribe :) Thank you! ",1
_2viQ_Qnc68ked0J7OAfephXPfR-pvW7HiuIC5ZRduI,macgyver16,2013-08-16T14:07:09.668000,adf.ly /KlD3Y,1
_2viQ_Qnc6-hMCH52bsWm38Ur7cdAPSdC3SmpC0-9YM,Fiddle Me Silly,2013-08-16T12:06:30.190000,Check out  these Irish guys cover  of Avicii&#39;s  Wake Me Up!  Just search...  &quot;wake me up Fiddle Me Silly&quot; Worth a listen  for the gorgeous fiddle player!,1
_2viQ_Qnc6-MfwtDpLuGhWQ2o-4TN6bmxidyzSzQuc0,DynamicDesignStudios,2013-08-15T22:17:46.329000,"Hello everyone :) I know most of you probably pass up these kind of comments, but for those who are still reading this, thanks! I don‚Äôt have any money for advertisements, no chance of getting heard, nothing... If this comes off as spam, sorry. I am a video animator, just trying to make it up into the video animation industry. Please give me the chance to prove myself to you. Please visit my channel, subscribe if you like and thumb this comment up, so everyone can see! Thank You! ",1
_2viQ_Qnc69datZTHIa2E_Ejo2gIk6WmZJJUiCSMLTw,DynamicDesignStudios,2013-08-15T19:58:19.748000,"Hello everyone :) I know most of you probably pass up these kind of comments, but for those who are still reading this, thanks! I don‚Äôt have any money for advertisements, no chance of getting heard, nothing... If this comes off as spam, sorry. I am a video animator, just trying to make it up into the video animation industry. Please give me the chance to prove myself to you. Please visit my channel, subscribe if you like and thumb this comment up, so everyone can see! Thank You! ",1
_2viQ_Qnc6_Zg0GECxJ4iGuOCFBrzjOBZguGqOhU5ms,DJ ROY,2013-08-14T21:07:42.306000,"Hey youtubers... I really appreciate all of you who took the time, to read this, I am just a 19 year old boy who wants to be a successful musician in the music world. I dont have any money to advertise my channel, If you could just visit my channel, comment on my video or subscribe, that would be great.... It will only be few seconds of your life..... Thank u to all the people who just gave me a chance l really appreciate it  ",1
_2viQ_Qnc69swE48B0wgwJijgdZ2KbSVUK5TSpqoYDg,Mazacar Cfc,2013-08-13T20:01:56.702000,subscribe to my pagee please.,1
_2viQ_Qnc69TuQDH0yVDsXPiyJCNNBrDiYhDY66Xu8g,Stan≈°a Matej,2013-08-13T19:18:54.893000,please subscribe to my page. thanks.,1
_2viQ_Qnc6870xv47G-__kc0IimrvnGFcLXaLnJsiFE,Edward Wright,2013-08-11T05:23:08.533000,"Hey, hit this shit up while yall can, they killed the versace remix. Just type in CGE &quot;Versace Freestyle (Get Money)&quot; Shot by Ja-Wan Gardner and help them reach 1 million views.",1
_2viQ_Qnc6-qc6sKOH4U0o8eIL4tVjojc-DyDYkkvWk,Comedy Recipe,2013-08-11T03:40:42.801000,"Hey guys and girls check out Comedy Recipe for hilarious you tube videos, pranks, and crank calls!",1
_2viQ_Qnc6978LweIjWZsjP3qK1bgFSYyumKWxPsq_I,Titan,2013-08-08T21:16:25.626000,"Subscribe me, I will? subscribe you back!!!",1
_2viQ_Qnc6812QtCcbHa3ZgmjznXhr0Ar324LJpkSHE,Titan,2013-08-08T21:15:36.040000,"Subscribe me, I will? subscribe you back!!!",1
_2viQ_Qnc6_QPhRwA4ZFbviXqXHvKyKJb7UivUZFUH0,TheEpicMixx':)x,2013-08-08T14:54:45.831000,Please.. Check my channel out:) I subscribe back..;),1
_2viQ_Qnc69bp77hGJ6em0Gm1Fg_TLmNoUuS_ydlofg,TheEpicMixx':)x,2013-08-08T13:34:40.655000,I really ask nicely to view my vids:) I subscribe back..,1
_2viQ_Qnc6_Hcona9vbTbZqnb5SyyHKi7PxVC-KkfTY,ricky swaggz,2013-08-07T23:40:12.225000,******* Facebook is LAME and so 2004! Check out ------------ swagFriends com Make thousands of cool new friends everyday! Join this new movement!,1
_2viQ_Qnc69r15LuL8TDbisnTJ_hf5RfcyJAyoMC5eo,Hidden Love,2013-08-06T11:40:05.581000,Hi. Check out and share our songs.,1
_2viQ_Qnc6-h3o48aXYmI_xInBcH9saCmEK627IQm68,Tim Marrotte,2013-08-05T12:25:21.682000,CHECK OUT partyman318 FR GOOD TUNEZ!! :D,1
_2viQ_Qnc6-LyNEXRld9VERRpRICrMPNxpnGjL8ZsF4,DJ ROY,2013-08-02T21:02:09.931000,"Hey youtubers... I really appreciate all of you who took the time, to read this, I am just a 19 year old boy who wants to be a successful musician in the music world. I dont have any money to advertise my channel, If you could just visit my channel, comment on my video or subscribe, that would be great.... It will only be few seconds of your life..... Thank u to all the people who just gave me a chance l really appreciate it  ",1
_2viQ_Qnc69zyetF6GsHRzYGyXl4u5kg0Sm-nP-pupI,Shadrach Grentz,2013-08-02T03:15:46.914000,"Hey Music Fans I really appreciate any of you who will take the time to read this, and check my music out! I&#39;m just a 15 year old boy DREAMING of being a successful MUSICIAN in the music world. I do lots of covers, and piano covers. But I don&#39;t have money to advertise. A simple thumbs up to my comment, a comment on my videos or a SUBSCRIPTION would be a step forward! It will only be a few seconds of your life that you won&#39;t regret!!! Thank u to all the people who just give me a chance! :)",1
_2viQ_Qnc699u36gNm3NRoq1quIaJWRNrftGEEZM3J4,Shadrach Grentz,2013-08-01T21:43:52.122000,"Hey Music Fans I really appreciate any of you who will take the time to read this, and check my music out! I&#39;m just a 15 year old boy DREAMING of being a successful MUSICIAN in the music world. I do lots of covers, and piano covers. But I don&#39;t have money to advertise. A simple thumbs up to my comment, a comment on my videos or a SUBSCRIPTION would be a step forward! It will only be a few seconds of your life that you won&#39;t regret!!! Thank u to all the people who just give me a chance! :) ",1
_2viQ_Qnc68LqKGb40V2ImKQYcp1ZqpHrCCMFqMCcA4,Shadrach Grentz,2013-08-01T20:39:15.325000,"Hey Music Fans I really appreciate any of you who will take the time to read this, and check my music out! I&#39;m just a 15 year old boy DREAMING of being a successful MUSICIAN in the music world. I do lots of covers, and piano covers. But I don&#39;t have money to advertise. A simple thumbs up to my comment, a comment on my videos or a SUBSCRIPTION would be a step forward! It will only be a few seconds of your life that you won&#39;t regret!!! Thank u to all the people who just give me a chance! :) ",1
_2viQ_Qnc68Qq98m0mmx4rlprYiD6aYgMb2x3bdupEM,Hidden Love,2013-08-01T09:19:56.654000,Hi. Check out and share our songs.,1
_2viQ_Qnc698fLCQzZmRt1CqPhf0L6mchwWG5gsUlzk,Hidden Love,2013-07-31T10:22:02.628000,Hi. Check out and share our songs.,1
_2viQ_Qnc68sxLpsBQ1cPk_LLH91SMsRav51KmhIoQw,Hidden Love,2013-07-30T11:22:57.091000,Hi.Check out and share our songs.,1
_2viQ_Qnc69Nq0Ytk1jCpzWPCrpGEk6T7cdVAxfSlAk,Shadrach Grentz,2013-07-29T17:39:24.876000,"Hey Music Fans I really appreciate any of you who will take the time to read this, and check my music out! I&#39;m just a 15 year old boy DREAMING of being a successful MUSICIAN in the music world. I do lots of covers, and piano covers. But I don&#39;t have money to advertise. A simple thumbs up to my comment, a comment on my videos or a SUBSCRIPTION would be a step forward! It will only be a few seconds of your life that you won&#39;t regret!!! Thank u to all the people who just give me a chance! :) ",1
_2viQ_Qnc68wE6_oU558uTupID2DHHu6smRW0Yr5mVs,Anthony Lam,2013-07-29T08:59:24.455000,"Hey, I am doing the Forty Hour famine so I&#39;ll be giving up on food and social working for 40 hours. I&#39;m doing this to raise money for African people who can&#39;t experience the luxuries that we can. So can you donate to give them a chance?  Any amount would do :)  Click on the link and donate h t t p : / / 4 0 h f . c o m . a u / A n t h o n y L a m Thanks :)",1
_2viQ_Qnc685qxAXpoMI-8aTnd7plcAbmTrvD_G2Czw,meg fluttershy,2013-07-25T20:47:41.071000,Love itt and ppl check out my channel!!!,1
_2viQ_Qnc6-F0FnQlt7edQt9rRqV7Clx74E8hyKAVt0,BDOG1040,2013-07-25T05:45:57.646000,SUBSCRIBE MY CHANNEL,1
_2viQ_Qnc6-Lev7nxVg9RnkxHYNAykFf9lV9qiEIFJY,macgyver16,2013-07-24T14:07:32.431000,adf.ly / KlD3Y,1
_2viQ_Qnc6_sGHV0-pAXNa1RF9Xja5vmr53ULlzlG3g,macgyver16,2013-07-23T17:00:14.596000,adf.ly / KlD3Y,1
_2viQ_Qnc6-1oZCLsUWjl3-g4QrWxMQXsSTs2Hy4MGI,damion taylor,2013-07-21T20:20:34.118000,check out my new video,1
_2viQ_Qnc6_YN7xFNAg14zX99Y614Salf57yOcrBRSw,Shadrach Grentz,2013-07-21T12:21:37.898000,"Hey Music Fans I really appreciate all of you who take time to read this, and check my music out! I&#39;m just a 15 year old boy DREAMING of being a successful MUSICIAN in the music world. I do lots of covers, and piano covers. But I dont have money to advertise. A simple thumbs up to my comment, a comment on my videos or a SUBSCRIPTION would be a step forward! It will only be a few seconds of your life that u won&#39;t regret!!! Thank u to all the people who just give me a chance it means a lot! :)",1
_2viQ_Qnc6_fyjM2m-ismUToowpNFauwtldKlfjbtIk,Joshua Kasey,2013-07-21T08:26:18.155000,"Hello everyone, It Is not my intention to spam and am truly sorry If anyone Is annoyed by this but just please hear me out.  I am a rapper, singer, music producer and a song writer and have been making music for a while now, eight years to be exact.  I enjoy making all types of music that anyone can listen to, doesn&#39;t have me talking about killing anyone and most importantly, focuses on the quality of the music.  Please check out my page, It&#39;s only a click away.  Thank you and have a nice day :)",1
_2viQ_Qnc6_AXZ4E5CeA3LHE36RAijd3QKgUI-YvjWI,ricky swaggz,2013-07-20T22:09:23.728000,******* Facebook is LAME and so 2004! Check out ------------ swagFriends com Make thousands of cool new friends everyday! Join this new movement!,1
_2viQ_Qnc68ki9xsFeN2y1_ZiHYcZC8Qv1GyHfwqr7Y,steven reed,2013-07-19T22:12:16.609000,Please check out and send to others Freedom and Justice are on the line!  Please Google:   Steven L. Reed Case Lands in Supreme Court---thanks!,1
_2viQ_Qnc69mci30y5muwQXNMaeCmIvZ4ca8l_4zPmA,Johnny Rei Vlog,2013-07-19T11:41:54.923000,"Nice to meet You - this is Johnny: 1. If You already know my music - thumb this up, because You found it this way, too. 2. If You want to hear original songs completely made by 1 person, continue reading:  I sing, write original music+lyrics &amp; play guitar, bass, drums &amp; keyboards. I&#39;m a 1-man-band. My music is completely independent &amp; 100% listener-supported. If You want to hear it &amp; if You&#39;re willing to help record new album - click on my name/picture.  Enjoy the music - wish You awesome day!",1
_2viQ_Qnc68cxHfQzecR1L9f-hbLNIJ7VxpCZtctPMk,yakikukamo FIRELOVER,2013-07-18T17:07:06.152000,hey you ! check out the channel of Alvar Lake !!,1
_2viQ_Qnc6-G71VMp3dR76dfQTcrRHpiNXJh2jm8V_M,Johnny Rei Vlog,2013-07-18T16:50:26.909000,"Hi -this is Johnny: 1. If You already know my music - thumb this up, because You found it this way, too. 2. If You want to hear original songs completely made by 1 person, continue reading:  I sing, write original music+lyrics &amp; play guitar, bass, drums &amp; keyboards. I&#39;m a 1-man-band. My music is completely independent &amp; 100% listener-supported. If You want to hear it &amp; if You&#39;re willing to help record new album - click on my name/picture.  Thank You &amp; enjoy the music - wish You awesome day!",1
_2viQ_Qnc6-3Nk200KmVtS-kiCS_1CjKJsMIbXakyfI,hsn moghrbi,2013-07-17T21:14:40.168000,wow,0
_2viQ_Qnc6-UzHByAP8y3BxG633jelEC_fxtFRUvLSA,Zuzanna Sztandera,2013-07-17T20:41:00.612000,Love this song!!!,0
_2viQ_Qnc68LpP5gDCaWQuiywObesTUlRgSQExMVMac,Chelsea Fischer,2013-07-17T20:34:59.389000,Love this song !!!!!!,0
z12xc3ly4x3uttmci22xff24nqqxwb0je04,Lisa Matthews,2013-07-17T13:56:03.233000,Check out this video on YouTube:<br />&quot;This Time for Africa&quot;. One for Trayvon!  And Our MOTHERland<br />Thank-you ShakiraÔªø,1
_2viQ_Qnc6-PfOjDtTwbTalW_5TRtvBKMcHZdDrcI2o,laura elliott,2013-07-16T05:48:01.795000,i watched this because of the large amount of views and now i am convinced it is because that girl is so hot,0
_2viQ_Qnc69GH3FQl348HonbRxpbmtsR5CUei0zkJog,Riley Rollins,2013-07-16T00:30:46.660000,"O peoples of the earth, I have seen how you perform every form of evil at your leisure! You cease not from reveling in that which I hate! Behold, you murder the innocent day and night and plot evil against your neighbor! You stand up for the rights of those who commit abomination and clap your hands as wickedness is celebrated openly in the streets!... O MOST PERVERSE AND ABOMINABLE GENERATION, SHALL I NOT REPAY?!  Hear the Word of The Lord - TrumpetCallOfGodOnline.  co m",1
_2viQ_Qnc69S12dQyWLf0QBgUD29OMTe71geFOn4PJA,Oona Sarlotta,2013-07-15T16:08:50.204000,this song always gives me chills! :),0
_2viQ_Qnc69Ic8yEMHsemUQiq01-kwwqnbDowMO9kdM,lynchee360,2013-07-14T22:38:26.779000,I love dis song!! 3,0
_2viQ_Qnc6-qHJ_u9Yv84vj4yOAPLUL3ZibCc7b-vBI,FAHAD KHAN,2013-07-14T22:06:57.712000,I WILL NEVER FORGET THIS SONG IN MY LIFE LIKE THIS COMMENT OF YOUR HEARING THIS SONG FOR LIKE A YEAR!!!!!,1
_2viQ_Qnc6_HU65mTzCmXnjA-WLt7XqxqPj7EwAtlO0,ricky swaggz,2013-07-14T20:40:00.331000,********OMG Facebook is OLD! Check out  -----------------&gt; swagFriends com Make thousands of cool new friends everyday! Join the movement!,1
_2viQ_Qnc6-jk58CPwBnqfbM6oByJH5oPvCtKecLQyo,Shadrach Grentz,2013-07-14T03:11:20.243000,"Hey Music Fans I really appreciate all of you who take time to read this, and check my music out! I&#39;m just a 15 year old boy DREAMING of being a successful MUSICIAN in the music world. I do lots of covers, and piano covers. But I dont have money to advertise. A simple thumbs up to my comment, a comment on my videos or a SUBSCRIPTION would be a step forward! It will only be a few seconds of your life that u won&#39;t regret!!! Thank u to all the people who just give me a chance it means a lot! :)",1
_2viQ_Qnc6_fgKR1W7-k1lbVURi8hVbMlQAMSOCSnyk,ThirdDegr3e,2013-07-13T20:48:22.967000,**CHECK OUT MY NEW MIXTAPE**** **CHECK OUT MY NEW MIXTAPE**** **CHECK OUT MY NEW MIXTAPE*** ***CHECK OUT MY NEW MIXTAPE******CHECK OUT MY NEW MIXTAPE**** **CHECK OUT MY NEW MIXTAPE**** **CHECK OUT MY NEW MIXTAPE*** ***CHECK OUT MY NEW MIXTAPE******CHECK OUT MY NEW MIXTAPE**** **CHECK OUT MY NEW MIXTAPE**** **CHECK OUT MY NEW MIXTAPE*** ***CHECK OUT MY NEW MIXTAPE******CHECK OUT MY NEW MIXTAPE**** **CHECK OUT MY NEW MIXTAPE**** **CHECK OUT MY NEW MIXTAPE*** ***CHECK OUT MY NEW MIXTAPE****,1
_2viQ_Qnc69MEEHHJxZ427KX8MlljJPnUC2YBbvbWwY,ThirdDegr3e,2013-07-13T20:48:06.033000,**CHECK OUT MY NEW MIXTAPE**** **CHECK OUT MY NEW MIXTAPE**** **CHECK OUT MY NEW MIXTAPE*** ***CHECK OUT MY NEW MIXTAPE******CHECK OUT MY NEW MIXTAPE**** **CHECK OUT MY NEW MIXTAPE**** **CHECK OUT MY NEW MIXTAPE*** ***CHECK OUT MY NEW MIXTAPE******CHECK OUT MY NEW MIXTAPE**** **CHECK OUT MY NEW MIXTAPE**** **CHECK OUT MY NEW MIXTAPE*** ***CHECK OUT MY NEW MIXTAPE******CHECK OUT MY NEW MIXTAPE**** **CHECK OUT MY NEW MIXTAPE**** **CHECK OUT MY NEW MIXTAPE*** ***CHECK OUT MY NEW MIXTAPE****,1
_2viQ_Qnc6_RKHVetk9kLzx8ZC62_J7y73FWFSBTe8Q,ThirdDegr3e,2013-07-13T20:47:40.793000,**CHECK OUT MY NEW MIXTAPE**** **CHECK OUT MY NEW MIXTAPE**** **CHECK OUT MY NEW MIXTAPE*** ***CHECK OUT MY NEW MIXTAPE******CHECK OUT MY NEW MIXTAPE**** **CHECK OUT MY NEW MIXTAPE**** **CHECK OUT MY NEW MIXTAPE*** ***CHECK OUT MY NEW MIXTAPE******CHECK OUT MY NEW MIXTAPE**** **CHECK OUT MY NEW MIXTAPE**** **CHECK OUT MY NEW MIXTAPE*** ***CHECK OUT MY NEW MIXTAPE******CHECK OUT MY NEW MIXTAPE**** **CHECK OUT MY NEW MIXTAPE**** **CHECK OUT MY NEW MIXTAPE*** ***CHECK OUT MY NEW MIXTAPE****,1
_2viQ_Qnc68TufyXKiTwky80ewSPbhRiD5XFHrJH9lg,Ysobel Schofield,2013-07-13T20:17:25.181000,Waka waka she rules,0
_2viQ_Qnc689m-WiwOwvrQU7LvkLAgspnfXL8ovE0ME,TheHotChocolate,2013-07-13T18:26:37.017000,she is sooooo beautiful!,0
_2viQ_Qnc6_1Hq9MGlefkBIszt9rYD3S_CozADvMhQ4,Dinova Sharon,2013-07-13T14:44:00.700000,well done shakira,0
_2viQ_Qnc6-bMSjqyL1NKj57ROicCSJV5SwTrw-RFFA,Katie Mettam,2013-07-13T13:27:39.441000,I love this song because we sing it at Camp all the time!!,0
_2viQ_Qnc6-pY-1yR6K2FhmC5i48-WuNx5CumlHLDAI,Sabina Pearson-Smith,2013-07-13T13:14:30.021000,I love this song for two reasons: 1.it is about Africa 2.i was born in beautiful south Africa,0
_2viQ_Qnc6_k_n_Bse9zVhJP8tJReZpo8uM2uZfnzDs,jeffrey jules,2013-07-13T12:09:31.188000,wow,0
_2viQ_Qnc6_yBt8UGMWyg3vh0PulTqcqyQtdE7d4Fl0,Aishlin Maciel,2013-07-13T11:17:52.308000,Shakira u are so wiredo,0
_2viQ_Qnc685RPw1aSa1tfrIuHXRvAQ2rPT9R06KTqA,Latin Bosch,2013-07-12T22:33:27.916000,Shakira is the best dancer,0
